{
  "betas_desc": [
    4.1995196617289725,
    3.940839577715562,
    3.3826841870930524,
    2.6674375858139134
  ],
  "theta_desc": [
    1.337409020451075e-05,
    4.059845835236016e-05,
    0.0003589056285585232,
    0.0038216042088735597
  ],
  "J": 1426562.9281637806,
  "actions": [
    2,
    2,
    2,
    2,
    2
  ],
  "pf": [
    0.00023973715722097404,
    0.00020848679650280533,
    0.00017952336287170914,
    0.00015262141259600784,
    0.0001286639606305554
  ],
  "beta": [
    3.4919687642705632,
    3.5291012319377044,
    3.568488415571746,
    3.6108094858031596,
    3.654854452723692
  ],
  "reward": [
    -0.0003416477922117556,
    -0.0003225990695681638,
    -0.0002900976425001776,
    -0.0002556925521045174,
    -0.0002240306735650857
  ],
  "gamma": 0.970873786407767,
  "horizon": 5,
  "seed": 0,
  "pop": 512,
  "gens": 500,
  "init": {
    "mode": "dirichlet",
    "d0_manual": null,
    "init_state": null,
    "dirichlet_alpha": [
      0.05594704,
      0.16108377,
      0.05494736,
      0.03863813
    ],
    "dirichlet_seed": 42
  }
}