{
  "betas_desc": [
    4.198389990079924,
    3.8759293052915407,
    2.866751487361666,
    2.6492232921119063
  ],
  "theta_desc": [
    1.344096947818189e-05,
    5.310926133693788e-05,
    0.0020735425984292435,
    0.004033850403865408
  ],
  "J": 10516.292334230964,
  "actions": [
    2,
    2,
    2,
    2,
    2,
    2,
    2,
    2,
    1,
    1,
    2,
    1,
    1,
    2,
    1,
    1,
    2,
    1,
    1,
    2,
    1,
    1,
    2,
    1,
    1,
    2,
    1,
    1,
    2,
    1,
    1,
    2,
    1,
    1,
    2,
    1,
    1,
    2,
    1,
    1,
    2,
    1,
    1,
    1,
    2,
    1,
    1,
    2,
    1,
    1,
    2,
    1,
    1,
    2,
    1,
    1,
    2,
    1,
    1,
    2,
    1,
    1,
    2,
    1,
    1,
    2,
    1,
    1,
    2,
    1,
    1,
    2,
    1,
    1,
    2,
    1,
    1,
    1,
    2,
    1,
    1,
    2,
    1,
    1,
    2,
    1,
    1,
    2,
    1,
    1,
    2,
    1,
    1,
    2,
    1,
    1,
    2,
    1,
    1,
    2,
    1,
    1,
    2,
    1,
    1,
    2,
    1,
    1,
    2,
    1,
    1,
    1,
    2,
    1,
    1,
    2,
    1,
    1,
    2,
    1,
    1,
    2,
    1,
    1,
    2,
    1,
    1,
    2,
    1,
    1,
    2,
    1,
    1,
    2,
    1,
    1,
    2,
    1,
    1,
    2,
    1,
    1,
    2,
    1,
    1,
    1,
    2,
    1,
    1,
    2,
    1,
    1,
    2,
    1,
    1,
    2,
    1,
    1,
    2,
    1,
    1,
    2,
    1,
    1,
    2,
    1,
    1,
    2,
    1,
    1,
    2,
    1,
    1,
    2,
    1,
    1,
    2,
    1,
    1,
    1,
    2,
    1,
    1,
    2,
    1,
    1,
    2,
    1,
    1,
    2,
    1,
    1,
    2,
    1,
    1,
    2,
    1,
    1,
    2,
    1
  ],
  "pf": [
    0.00015494987368917711,
    0.00013482740938184916,
    0.0001169354943682882,
    0.00010067110143753213,
    8.634916667431738e-05,
    7.415564174598686e-05,
    6.40445547025381e-05,
    5.582124509152802e-05,
    4.922691075036265e-05,
    5.237372675080257e-05,
    5.559373460322308e-05,
    4.887682961027743e-05,
    5.2003608226991765e-05,
    5.5203099029412525e-05,
    4.8495477301262454e-05,
    5.160769470084331e-05,
    5.479231039691232e-05,
    4.814291241188146e-05,
    5.124404866585065e-05,
    5.441740113300972e-05,
    4.7839834808169736e-05,
    5.093244592353313e-05,
    5.4097174966683144e-05,
    4.758964492824459e-05,
    5.0675699468245143e-05,
    5.3833822581164626e-05,
    4.738830358624709e-05,
    5.0469331274333724e-05,
    5.362240536394047e-05,
    4.722902713222402e-05,
    5.0306213608212914e-05,
    5.3455438749898916e-05,
    4.710453758416575e-05,
    5.017879723037128e-05,
    5.332509503203249e-05,
    4.7008082968946574e-05,
    5.008011762837554e-05,
    5.322419320259211e-05,
    4.693382990007918e-05,
    5.000417616847473e-05,
    5.314656728678496e-05,
    4.68769432075024e-05,
    4.9946010071000585e-05,
    5.308712584481101e-05,
    5.6301734894683887e-05,
    4.92927417323477e-05,
    5.242114529369723e-05,
    5.562216913768425e-05,
    4.875524999013637e-05,
    5.187007702772043e-05,
    5.5057176251495276e-05,
    4.8312395486490413e-05,
    5.1415770280532373e-05,
    5.4591266689299347e-05,
    4.795345835678144e-05,
    5.104777594355036e-05,
    5.421414920815743e-05,
    4.766732765502645e-05,
    5.075464336390511e-05,
    5.391398833197119e-05,
    4.744226191068522e-05,
    5.052421605623029e-05,
    5.3678192040502746e-05,
    4.726701719241431e-05,
    5.034488536710888e-05,
    5.349477683234301e-05,
    4.7131600969839194e-05,
    5.020636406206355e-05,
    5.335315560934647e-05,
    4.70275589880351e-05,
    5.009996686751825e-05,
    5.324440947287256e-05,
    4.6947967571851155e-05,
    5.001859145097327e-05,
    5.3161256179123137e-05,
    4.688728080042183e-05,
    4.995655473654955e-05,
    5.3097874959121685e-05,
    5.631268571527939e-05,
    4.930044765916171e-05,
    5.242900516851213e-05,
    5.563018108682695e-05,
    4.876092067095953e-05,
    5.187586319926467e-05,
    5.5063076644431834e-05,
    4.8316590161677946e-05,
    5.142005157086823e-05,
    5.4595633729718674e-05,
    4.795657374714487e-05,
    5.1050956337403956e-05,
    5.4217394009392224e-05,
    4.766964884032376e-05,
    5.075701337501863e-05,
    5.391640675301699e-05,
    4.744399573405328e-05,
    5.052598658253198e-05,
    5.3679998976075146e-05,
    4.726831488203572e-05,
    5.034621066469215e-05,
    5.34961295282307e-05,
    4.7132573776445324e-05,
    5.020735764625945e-05,
    5.335416981998901e-05,
    4.702828916331669e-05,
    5.010071268638054e-05,
    5.324517082544287e-05,
    4.6948516173845764e-05,
    5.001915183496853e-05,
    5.316182826468405e-05,
    4.6887693302136086e-05,
    4.9956976114181475e-05,
    5.309830515344218e-05,
    5.6313124657511175e-05,
    4.930076246612236e-05,
    5.2429326638531316e-05,
    5.5630509169149545e-05,
    4.8761156429778076e-05,
    5.1876103980118714e-05,
    5.5063322410385314e-05,
    4.831676700760782e-05,
    5.142023219949256e-05,
    5.4595818114149886e-05,
    4.795670655787411e-05,
    5.105109199727363e-05,
    5.421753249874163e-05,
    4.766974866971459e-05,
    5.075711535072217e-05,
    5.3916510860581665e-05,
    4.744407082418105e-05,
    5.052606328980673e-05,
    5.3680077289822804e-05,
    4.7268371393995536e-05,
    5.034626839529127e-05,
    5.3496188469552726e-05,
    4.7132616324540186e-05,
    5.020740111280958e-05,
    5.335421419910317e-05,
    4.702832120847883e-05,
    5.010074542383024e-05,
    5.324520425078398e-05,
    4.6948540314911944e-05,
    5.001917649789126e-05,
    5.31618534461756e-05,
    4.6887711492348606e-05,
    4.9956994697802804e-05,
    5.309832412800925e-05,
    5.631314402012411e-05,
    4.9300776372191036e-05,
    5.2429340840123834e-05,
    5.5630523664106314e-05,
    4.876116685711719e-05,
    5.187611463026888e-05,
    5.506333328176262e-05,
    4.831677483699664e-05,
    5.142024019675588e-05,
    5.4595826278127023e-05,
    4.79567124422621e-05,
    5.105109800813611e-05,
    5.421753863522511e-05,
    4.7669753095494854e-05,
    5.0757119871796736e-05,
    5.3916515476320256e-05,
    4.744407415476884e-05,
    5.052606669220542e-05,
    5.368008076356516e-05,
    4.726837390149262e-05,
    5.034627095690974e-05,
    5.349619108494496e-05,
    4.713261821299745e-05,
    5.020740304206056e-05,
    5.3354216168888546e-05,
    4.702832263109903e-05,
    5.0100746877201075e-05,
    5.324520573471154e-05,
    4.694854138682805e-05,
    5.0019177592989e-05,
    5.316185456430974e-05,
    4.6887712300147095e-05,
    4.9956995523077894e-05,
    5.3098324970652004e-05,
    5.631314488000613e-05,
    4.930077698980833e-05,
    5.242934147086991e-05,
    5.56305243078855e-05,
    4.876116732027059e-05,
    5.187611510332098e-05,
    5.506333376464318e-05,
    4.831677518477903e-05,
    5.14202405519965e-05,
    5.459582664077436e-05,
    4.795671270366072e-05,
    5.105109827515373e-05,
    5.421753890782387e-05,
    4.766975329210653e-05,
    5.075712007264219e-05,
    5.391651568137152e-05,
    4.744407430273215e-05,
    5.052606684335923e-05,
    5.36800809178887e-05,
    4.726837401289241e-05
  ],