{
  "betas_desc": [
    4.199915983102536,
    3.5017697178020466,
    3.1621872933760335,
    2.518137651569247
  ],
  "theta_desc": [
    1.3350702103429428e-05,
    0.00023108945089969683,
    0.0007829440743434858,
    0.005898860197739799
  ],
  "J": 505525.0037467308,
  "actions": [
    1,
    1,
    1,
    1,
    1
  ],
  "pf": [
    0.00015494987368917711,
    0.00016045961921551437,
    0.00016626878244817145,
    0.00017235548273651145,
    0.00017869922363920388
  ],
  "beta": [
    3.6068809569719837,
    3.5978008092010985,
    3.5885379724394233,
    3.579151981066567,
    3.5696940100571797
  ],
  "reward": [
    1649.4987365192421,
    1654.947759373926,
    1661.5023324363415,
    1668.8109906363754,
    1676.5681615517865
  ],
  "gamma": 0.970873786407767,
  "horizon": 5,
  "seed": 0,
  "pop": 512,
  "gens": 500,
  "init": {
    "mode": "dirichlet",
    "d0_manual": null,
    "init_state": null,
    "dirichlet_alpha": [
      0.14964171,
      0.11136174,
      0.05003725,
      0.03926025
    ],
    "dirichlet_seed": 42
  }
}