{
  "betas_desc": [
    1.2428312160620791,
    0.746922703437864,
    0.3953216647469784,
    0.19014119982985545
  ],
  "theta_desc": [
    0.10696501839606382,
    0.22755511030617082,
    0.34630275633465957,
    0.4245992430710155
  ],
  "J": 18797.69587508204,
  "actions": [
    0
  ],
  "pf": [
    0.001879769587508204
  ],
  "beta": [
    2.8976633361975184
  ],
  "reward": [
    -0.001879769587508204
  ],
  "gamma": 0.970873786407767,
  "horizon": 1,
  "seed": 0,
  "pop": 80,
  "gens": 200,
  "init": {
    "mode": "dirichlet",
    "d0_manual": null,
    "init_state": null,
    "dirichlet_alpha": [
      0.5,
      0.5,
      0.5,
      0.5,
      0.5
    ],
    "dirichlet_seed": 42
  }
}