{
  "betas_desc": [
    4.1646060997367,
    3.4094528918561826,
    3.4066799413849047,
    2.482663008469012
  ],
  "theta_desc": [
    1.5594528130508856e-05,
    0.00032546659408178003,
    0.00032879094253838244,
    0.0065202194121618574
  ],
  "J": 1676.5491464632478,
  "actions": [
    0,
    1,
    1,
    1,
    1
  ],
  "pf": [
    1.3345749015906314e-05,
    2.6919387144120714e-05,
    2.99524538825004e-05,
    3.31469648147782e-05,
    3.650658709378536e-05
  ],
  "beta": [
    4.200000000000061,
    4.0383052085894535,
    4.013185074412646,
    3.9892092237441337,
    3.966247082408425
  ],
  "reward": [
    -1.3345749015906312e-05,
    -3.584406518846671e-05,
    -3.7659019589499856e-05,
    -3.9485584976648514e-05,
    -4.132049587580338e-05
  ],
  "gamma": 0.970873786407767,
  "horizon": 5,
  "seed": 0,
  "pop": 256,
  "gens": 512,
  "init": {
    "mode": "manual",
    "d0_manual": [
      1.0,
      0.0,
      0.0,
      0.0,
      0.0
    ],
    "init_state": null,
    "dirichlet_alpha": null,
    "dirichlet_seed": null
  }
}