{
  "betas_desc": [
    3.7096039502270046,
    3.4977830477765384,
    2.9476066399902323,
    2.675866509459986
  ],
  "theta_desc": [
    0.00010379185793963733,
    0.00023457129870856864,
    0.0016012213795722043,
    0.0037268163181890333
  ],
  "J": 11969.669171173586,
  "actions": [
    2,
    1,
    1,
    1,
    1
  ],
  "pf": [
    0.00023973715153904437,
    0.00020848679651751717,
    0.00021625067541925863,
    0.00022428833475095328,
    0.00023257647152081585
  ],
  "beta": [
    3.491968770601142,
    3.5291012319189625,
    3.519413925541338,
    3.509721260552181,
    3.500060288883431
  ],
  "reward": [
    -0.00034164778410694153,
    -0.0002121231034150652,
    -0.00021326296108894205,
    -0.00021440701543107594,
    -0.00021552605307533388
  ],
  "gamma": 0.970873786407767,
  "horizon": 5,
  "seed": 0,
  "pop": 512,
  "gens": 1024,
  "init": {
    "mode": "dirichlet",
    "d0_manual": null,
    "init_state": null,
    "dirichlet_alpha": [
      0.05594704,
      0.16108377,
      0.05494736,
      0.03863813
    ],
    "dirichlet_seed": 42
  }
}