{
  "betas_desc": [
    4.191458486837855,
    3.680514628008355,
    2.988072343869084,
    1.8717507215319662
  ],
  "theta_desc": [
    1.3858345386859368e-05,
    0.00011638185252691661,
    0.0014037154623060468,
    0.03062054936281571
  ],
  "J": 79755.8217683713,
  "actions": [
    3,
    2,
    2,
    2,
    2,
    1,
    2,
    1,
    1,
    1
  ],
  "pf": [
    0.001879769587508204,
    0.00034564171898433165,
    0.00026417637617433883,
    0.00020009774137860314,
    0.0001517726888191069,
    0.00011600740280631673,
    0.00012146060202863855,
    9.359646557895206e-05,
    9.829720184359483e-05,
    0.00010313621777800217
  ],
  "beta": [
    2.8976633361975184,
    3.3930130541181436,
    3.4659544655783536,
    3.5399548554046714,
    3.6122554032151455,
    3.6813362220695915,
    3.6696095662104984,
    3.735701075528749,
    3.723352926030129,
    3.7112081020377046
  ],
  "reward": [
    -0.0058481086482748725,
    -0.0005233528297535553,
    -0.0004222686534198405,
    -0.0003338127937344145,
    -0.00026644882399623796,
    -0.00010868613988510958,
    -0.00021649331040423815,
    -8.422630760095995e-05,
    -8.548322854352838e-05,
    -8.670144122437284e-05
  ],
  "gamma": 0.970873786407767,
  "horizon": 10,
  "seed": 0,
  "pop": 80,
  "gens": 200,
  "init": {
    "mode": "dirichlet",
    "d0_manual": null,
    "init_state": null,
    "dirichlet_alpha": [
      0.5,
      0.5,
      0.5,
      0.5,
      0.5
    ],
    "dirichlet_seed": 42
  }
}