{
  "betas_desc": [
    4.120838765684518,
    3.902554168971857,
    3.4371372750977325,
    3.342176160143948
  ],
  "theta_desc": [
    1.8874777493917127e-05,
    4.7591463723279684e-05,
    0.00029394878134749076,
    0.0004156214395893322
  ],
  "J": 16476.302676283987,
  "actions": [
    0,
    1,
    1,
    1,
    1,
    1,
    1,
    2,
    1,
    1,
    2,
    1,
    1,
    2,
    1,
    1,
    2,
    1,
    1,
    2,
    1,
    1,
    2,
    1,
    1,
    2,
    1,
    1,
    2,
    1,
    1,
    2,
    1,
    1,
    1
  ],
  "pf": [
    1.3345749015906314e-05,
    2.6919387144120714e-05,
    2.99524538825004e-05,
    3.31469648147782e-05,
    3.650658709378536e-05,
    4.003471091291046e-05,
    4.37344502517876e-05,
    4.760864520757383e-05,
    4.121427907739223e-05,
    4.479935620188117e-05,
    4.8546310999552173e-05,
    4.184746983692215e-05,
    4.534301835787498e-05,
    4.899339914704565e-05,
    4.201679097525837e-05,
    4.544476124898223e-05,
    4.902426743184178e-05,
    4.190049092864179e-05,
    4.5281129131734415e-05,
    4.881181087922874e-05,
    4.165446534055715e-05,
    4.5003171210137616e-05,
    4.85012487797927e-05,
    4.1376444421344145e-05,
    4.470385400397555e-05,
    4.818033822933003e-05,
    4.11162984459022e-05,
    4.4429470841721234e-05,
    4.78915940890486e-05,
    4.089408783972138e-05,
    4.4197656504952666e-05,
    4.765013220300681e-05,
    4.071394081252674e-05,
    4.401095736994181e-05,
    4.745687297895551e-05
  ],
  "beta": [
    4.200000000000061,
    4.0383052085894535,
    4.013185074412646,
    3.9892092237441337,
    3.966247082408425,
    3.944192201581456,
    3.9229566327710335,
    3.902466828875003,
    3.9372271935801266,
    3.9171588476957506,
    3.8977448819357643,
    3.9335657252007716,
    3.914248945593267,
    3.8955236540569054,
    3.932595487248707,
    3.913708039407325,
    3.8953710010439266,
    3.9332615072681048,
    3.9145785347062807,
    3.896423505514206,
    3.9346762077019983,
    3.916064057596127,
    3.8979698308677984,
    3.9362844236071024,
    3.917673456501375,
    3.8995775347260726,
    3.9377985176647456,
    3.919157755521357,
    3.9010327557599047,
    3.9390990086727697,
    3.92041853903275,
    3.9022560571537546,
    3.9401582336296057,
    3.921438501674308,
    3.9032393775173824
  ],
  "reward": [
    -1.3345749015906312e-05,
    -3.584406518846671e-05,
    -3.7659019589499856e-05,
    -3.9485584976648514e-05,
    -4.132049587580338e-05,
    -4.316036406441912e-05,
    -4.500171465517662e-05,
    -0.00012637630039876536,
    -4.042883995840121e-05,
    -4.199887487041505e-05,
    -0.00011826296590656575,
    -3.7455220319858684e-05,
    -3.881586926353353e-05,
    -0.00010878251963768998,
    -3.438848176929743e-05,
    -3.558702287108426e-05,
    -9.956489229050765e-05,
    -3.139978913564627e-05,
    -3.247087167534933e-05,
    -9.093820042604615e-05,
    -2.859894637662625e-05,
    -2.9565943634782705e-05,
    -8.299518358520108e-05,
    -2.603117835869341e-05,
    -2.6909746834505503e-05,
    -7.574174116628213e-05,
    -2.3701575660425164e-05,
    -2.4502695936822517e-05,
    -6.914202086999761e-05,
    -2.159600468311147e-05,
    -2.2327934132801434e-05,
    -6.314314679878583e-05,
    -1.969344956859128e-05,
    -2.0362836689394647e-05,
    -2.1031021443296072e-05
  ],
  "gamma": 0.970873786407767,
  "horizon": 35,
  "seed": 0,
  "pop": 128,
  "gens": 256,
  "init": {
    "mode": "manual",
    "d0_manual": [
      1.0,
      0.0,
      0.0,
      0.0,
      0.0
    ],
    "init_state": null,
    "dirichlet_alpha": null,
    "dirichlet_seed": null
  }
}