{
  "betas_desc": [
    5.897421746197126,
    3.9177362745156517,
    3.0682799506148957,
    0.3412480641308395
  ],
  "theta_desc": [
    1.8461263822497664e-09,
    4.469220928323317e-05,
    0.0010764741168456072,
    0.3664584212543507
  ],
  "J": 103734.09999191726,
  "actions": [
    3,
    2,
    2,
    2,
    2,
    2,
    2,
    2,
    2,
    2,
    1,
    1,
    2,
    1,
    1,
    2,
    1,
    1,
    2,
    1,
    1,
    2,
    1,
    1,
    2,
    1,
    1,
    2,
    1,
    1,
    2,
    1,
    1,
    2,
    1,
    1,
    2,
    1,
    1,
    2,
    1,
    1,
    2,
    1,
    1,
    2,
    1,
    1,
    2,
    1,
    1,
    2,
    1,
    1,
    2,
    1,
    1,
    2,
    1,
    1,
    2,
    1,
    1,
    2,
    1,
    1,
    2,
    1,
    1,
    2,
    1,
    1,
    2,
    1,
    1,
    2,
    1,
    1,
    2,
    1,
    1,
    2,
    1,
    1,
    2,
    1,
    1,
    2,
    1,
    1,
    2,
    1,
    1,
    2,
    1,
    1,
    2,
    1,
    1,
    2,
    1,
    1,
    2,
    1,
    1,
    2,
    1,
    1,
    2,
    1,
    1,
    2,
    1,
    1,
    2,
    1,
    1,
    2,
    1,
    1,
    2,
    1,
    1,
    2,
    1,
    1,
    2,
    1,
    1,
    2,
    1,
    1,
    2,
    1,
    1,
    2,
    1,
    1,
    2,
    1,
    1,
    2,
    1,
    1,
    2,
    1,
    1,
    2,
    1,
    1,
    2,
    1,
    1,
    2,
    1,
    1,
    2,
    1,
    1,
    2,
    1,
    1,
    2,
    1,
    1,
    2,
    1,
    1,
    2,
    1,
    1,
    2,
    1,
    1,
    2,
    1,
    1,
    2,
    1,
    1,
    2,
    1,
    1,
    2,
    1,
    1,
    2,
    1,
    1,
    2,
    1,
    1,
    2,
    1,
    1,
    2,
    1,
    1,
    2,
    1
  ],
  "pf": [
    0.001879769587508204,
    0.00034564171898433165,
    0.00026417637617433883,
    0.00020009774137860314,
    0.0001517726888191069,
    0.00011600740280631673,
    8.981695273348814e-05,
    7.07704620679019e-05,
    5.698700868419258e-05,
    4.704829759672913e-05,
    3.9901434565986857e-05,
    4.300541847709008e-05,
    4.625087374455387e-05,
    3.9388799314741765e-05,
    4.2546570031469586e-05,
    4.5849900718882944e-05,
    3.920911190841124e-05,
    4.240671717070205e-05,
    4.57517860540727e-05,
    3.9228238962687174e-05,
    4.2453346797219897e-05,
    4.582678740904684e-05,
    3.934055521438774e-05,
    4.2584037352860365e-05,
    4.597624890611847e-05,
    3.948185396995559e-05,
    4.273750419730299e-05,
    4.614206237025767e-05,
    3.961923282202236e-05,
    4.288297344688761e-05,
    4.6295698446170864e-05,
    3.973878649816831e-05,
    4.3007960402067535e-05,
    4.642614731087251e-05,
    3.983673852408772e-05,
    4.310960573021192e-05,
    4.6531492755960464e-05,
    3.9914098607972154e-05,
    4.3189506877112754e-05,
    4.661393249237337e-05,
    3.997375501043493e-05,
    4.325093088215946e-05,
    4.6677118307040915e-05,
    4.001902124235432e-05,
    4.329743834739624e-05,
    4.672486062685755e-05,
    4.005298335202037e-05,
    4.333227891376456e-05,
    4.676057383008114e-05,
    4.0078260650660606e-05,
    4.3358181865180956e-05,
    4.6787097555536326e-05,
    4.0096965358673476e-05,
    4.3377334415894656e-05,
    4.680669404630094e-05,
    4.0110748086417906e-05,
    4.3391438971782235e-05,
    4.682111739716176e-05,
    4.012087247293894e-05,
    4.3401795335749774e-05,
    4.6831703425288794e-05,
    4.012829245158718e-05,
    4.340938291909879e-05,
    4.683945687169666e-05,
    4.01337211226151e-05,
    4.3414932902932796e-05,
    4.6845126868903684e-05,
    4.013768783003304e-05,
    4.341898753729446e-05,
    4.68492684669726e-05,
    4.014058352222841e-05,
    4.3421947024927435e-05,
    4.6852291039372145e-05,
    4.014269586386298e-05,
    4.342410568995992e-05,
    4.685449550527764e-05,
    4.014423594287977e-05,
    4.3425679425641736e-05,
    4.685610251441143e-05,
    4.01453583409664e-05,
    4.3426826288340295e-05,
    4.685727356120848e-05,
    4.014617608869345e-05,
    4.3427661825173755e-05,
    4.685812668210005e-05,
    4.014677174107476e-05,
    4.342827041600095e-05,
    4.685874806164531e-05,
    4.014720554353236e-05,
    4.342871363073689e-05,
    4.685920057941314e-05,
    4.0147521432983814e-05,
    4.34290363683071e-05,
    4.685953008543925e-05,
    4.014775143734384e-05,
    4.342927135572557e-05,
    4.6859769997851456e-05,
    4.0147918895095804e-05,
    4.342944243972138e-05,
    4.6859944665782956e-05,
    4.014804080823838e-05,
    4.342956699190058e-05,
    4.686007182617915e-05,
    4.014812956016293e-05,
    4.342965766450272e-05,
    4.6860164397012376e-05,
    4.0148194168930957e-05,
    4.342972367118035e-05,
    4.686023178525369e-05,
    4.014824120108998e-05,
    4.3429771720794887e-05,
    4.68602808404217e-05,
    4.0148275437693055e-05,
    4.342980669795857e-05,
    4.686031654948036e-05,
    4.014830035956248e-05,
    4.3429832158857393e-05,
    4.686034254309968e-05,
    4.014831850076998e-05,
    4.342985069241098e-05,
    4.686036146440646e-05,
    4.014833170607604e-05,
    4.342986418329847e-05,
    4.686037523753185e-05,
    4.014834131839712e-05,
    4.3429874003490316e-05,
    4.686038526316055e-05,
    4.014834831530564e-05,
    4.342988115170587e-05,
    4.6860392560911344e-05,
    4.0148353408411614e-05,
    4.3429886354947094e-05,
    4.686039787299809e-05,
    4.0148357115715345e-05,
    4.3429890142417675e-05,
    4.6860401739696694e-05,
    4.014835981427997e-05,
    4.342989289933545e-05,
    4.686040455428421e-05,
    4.0148361778575714e-05,
    4.342989490610628e-05,
    4.686040660303267e-05,
    4.0148363208392753e-05,
    4.3429896366840874e-05,
    4.686040809432271e-05,
    4.0148364249160276e-05,
    4.342989743011322e-05,
    4.686040917983633e-05,
    4.014836500673717e-05,
    4.342989820407136e-05,
    4.686040996998388e-05,
    4.0148365558178775e-05,
    4.34298987674369e-05,
    4.6860410545133664e-05,
    4.014836595957398e-05,
    4.3429899177511515e-05,
    4.686041096378605e-05,
    4.014836625175012e-05,
    4.3429899476005404e-05,
    4.6860411268523674e-05,
    4.014836646442548e-05,
    4.342989969327946e-05,
    4.686041149034257e-05,
    4.014836661923212e-05,
    4.342989985143349e-05,
    4.686041165180478e-05,
    4.014836673191604e-05,
    4.342989996655398e-05,
    4.686041176933329e-05,
    4.014836681393879e-05,
    4.342990005035029e-05,
    4.6860411854882415e-05,
    4.0148366873643216e-05,
    4.342990011134572e-05,
    4.68604119171537e-05,
    4.014836691710212e-05,
    4.3429900155744343e-05,
    4.6860411962481024e-05,
    4.0148366948735906e-05,
    4.342990018806212e-05,
    4.686041199547483e-05,
    4.014836697176215e-05,
    4.3429900211586264e-05,
    4.6860412019491044e-05,
    4.014836698852299e-05,
    4.342990022870954e-05,
    4.686041203697248e-05,
    4.0148367000723224e-05,
    4.342990024117355e-05,
    4.6860412049697214e-05,
    4.014836700960376e-05,
    4.342990025024613e-05,
    4.686041205895956e-05,
    4.014836701606792e-05,
    4.342990025685006e-05,
    4.6860412065701644e-05,
    4.014836702077319e-05,
    4.342990026165708e-05,
    4.68604120706092e-05,
    4.0148367024198166e-05
  ],