{
  "betas_desc": [
    4.115827499049999,
    3.894444746196729,
    3.5157010266088173,
    3.230521794837263
  ],
  "theta_desc": [
    1.928963849841788e-05,
    4.9211961434228956e-05,
    0.00021929728979930873,
    0.0006178224165817233
  ],
  "J": 18007.450607916944,
  "actions": [
    0,
    1,
    1,
    1,
    1,
    1,
    1,
    1,
    2,
    1,
    1,
    2,
    1,
    1,
    2,
    1,
    1,
    2,
    1,
    1,
    2,
    1,
    1,
    2,
    1,
    1,
    1,
    2,
    1,
    1,
    2,
    1,
    1,
    2,
    1,
    1,
    2,
    1,
    1,
    1
  ],
  "pf": [
    1.3345749015906314e-05,
    2.6919387144120714e-05,
    2.99524538825004e-05,
    3.31469648147782e-05,
    3.650658709378536e-05,
    4.003471091291046e-05,
    4.37344502517876e-05,
    4.760864520757383e-05,
    5.1659865679377616e-05,
    4.424464498801193e-05,
    4.7952308663671856e-05,
    5.1822720817159514e-05,
    4.426470368034388e-05,
    4.784549833383623e-05,
    5.1581321727927495e-05,
    4.390074621624719e-05,
    4.7388084759246965e-05,
    5.1026896781718786e-05,
    4.334282903053336e-05,
    4.6765050527839064e-05,
    5.033716840837899e-05,
    4.2744183169152286e-05,
    4.61222113227845e-05,
    4.964945179989759e-05,
    4.219179289772411e-05,
    4.554001039241524e-05,
    4.90371590029689e-05,
    5.268623255847366e-05,
    4.438883889627447e-05,
    4.7823276699594646e-05,
    5.1407880419024934e-05,
    4.3449021775915716e-05,
    4.683876729445223e-05,
    5.037776538321368e-05,
    4.2685786508075304e-05,
    4.6043624131756944e-05,
    4.955034839773638e-05,
    4.207571310743648e-05,
    4.5411107592641735e-05,
    4.889527312163958e-05
  ],
  "beta": [
    4.200000000000061,
    4.0383052085894535,
    4.013185074412646,
    3.9892092237441337,
    3.966247082408425,
    3.944192201581456,
    3.9229566327710335,
    3.902466828875003,
    3.882660603912606,
    3.920162475759481,
    3.900726078142107,
    3.881895443640034,
    3.920053244349519,
    3.901265836986843,
    3.883030449736206,
    3.922042520555837,
    3.9035902908824185,
    3.8856563325814117,
    3.9251223753088946,
    3.9067907035709912,
    3.888960893262263,
    3.9284690045685826,
    3.9101353384632893,
    3.8922986477285604,
    3.931596572730995,
    3.9132026922808008,
    3.895307275183625,
    3.8778758439680603,
    3.9193782932400656,
    3.9013782754938497,
    3.8838490322779404,
    3.924533287299543,
    3.90640994082041,
    3.8887652085609563,
    3.9287978284078395,
    3.910547236719876,
    3.892783228614512,
    3.9322587202046226,
    3.9138868290838893,
    3.896009520798306
  ],
  "reward": [
    -1.3345749015906312e-05,
    -3.584406518846671e-05,
    -3.7659019589499856e-05,
    -3.9485584976648514e-05,
    -4.132049587580338e-05,
    -4.316036406441912e-05,
    -4.500171465517662e-05,
    -4.6841019958651764e-05,
    -0.00012711740012177317,
    -4.157373992005704e-05,
    -4.312159627618441e-05,
    -0.00011805738462823021,
    -3.805957227028563e-05,
    -3.9389243852682396e-05,
    -0.00010794620820436388,
    -3.45959961558348e-05,
    -3.576139389630737e-05,
    -9.831372226128811e-05,
    -3.133235252959804e-05,
    -3.23712697261444e-05,
    -8.94378717831416e-05,
    -2.8351665011448585e-05,
    -2.9288734458031517e-05,
    -8.136858379138187e-05,
    -2.5674027049334176e-05,
    -2.652525875559468e-05,
    -2.7374174579650865e-05,
    -7.39970792260056e-05,
    -2.3771239900542448e-05,
    -2.4536163089658664e-05,
    -6.713234756560875e-05,
    -2.1378151628202155e-05,
    -2.2071758701914343e-05,
    -6.0918836514598084e-05,
    -1.9284670925266848e-05,
    -1.991621899761352e-05,
    -5.536040596777952e-05,
    -1.7443854942356346e-05,
    -1.8020465735644756e-05,
    -1.859565900059853e-05
  ],
  "gamma": 0.970873786407767,
  "horizon": 40,
  "seed": 0,
  "pop": 128,
  "gens": 256,
  "init": {
    "mode": "manual",
    "d0_manual": [
      1.0,
      0.0,
      0.0,
      0.0,
      0.0
    ],
    "init_state": null,
    "dirichlet_alpha": null,
    "dirichlet_seed": null
  }
}