{
  "betas_desc": [
    4.199870941633879,
    3.557823298952697,
    3.366760262769511,
    3.191095484766364
  ],
  "theta_desc": [
    1.3353358173971259e-05,
    0.000186970358143723,
    0.00038028387981936,
    0.0007086721508361668
  ],
  "J": 1781.7499933167467,
  "actions": [
    1,
    1,
    1,
    1,
    1,
    1,
    2,
    1,
    1,
    1,
    1,
    1,
    2,
    1,
    1,
    1,
    1,
    1,
    1,
    2,
    1,
    1,
    1,
    1,
    1,
    1,
    1,
    1,
    2,
    1,
    1,
    1,
    1,
    1,
    1,
    1,
    1,
    1,
    2,
    1,
    1,
    1,
    1,
    1,
    1,
    1,
    1,
    1,
    2,
    1,
    1,
    1,
    1,
    1,
    1,
    1,
    1,
    1,
    1,
    2,
    1,
    1,
    1,
    1,
    1,
    1,
    1,
    1,
    1,
    1,
    2,
    1,
    1,
    1,
    1,
    1,
    1,
    1,
    1,
    1,
    1,
    2,
    1,
    1,
    1,
    1,
    1,
    1,
    1,
    1,
    1,
    1,
    2,
    1,
    1,
    1,
    1,
    1,
    1,
    1,
    1,
    1,
    1,
    1,
    2,
    1,
    1,
    1,
    1,
    1,
    1,
    1,
    1,
    1,
    1,
    2,
    1,
    1,
    1,
    1,
    1,
    1,
    1,
    1,
    1,
    1,
    2,
    1,
    1,
    1,
    1,
    1,
    1,
    1,
    1,
    1,
    1,
    2,
    1,
    1,
    1,
    1,
    1,
    1,
    1,
    1,
    1,
    1,
    1,
    2,
    1,
    1,
    1,
    1,
    1,
    1,
    1,
    1,
    1,
    1,
    2,
    1,
    1,
    1,
    1,
    1,
    1,
    1,
    1,
    1,
    1,
    2,
    1,
    1,
    1,
    1,
    1,
    1,
    1,
    1,
    1,
    1,
    2,
    1,
    1,
    1,
    1,
    1,
    1,
    1,
    1,
    1,
    1,
    1,
    2,
    1,
    1,
    1,
    1,
    1
  ],
  "pf": [
    0.00015494987368917711,
    0.00016045961921551437,
    0.00016626878244817145,
    0.00017235548273651145,
    0.00017869922363920388,
    0.00018528080911166839,
    0.00019208226418676133,
    0.00015934255374607797,
    0.00016553482020358217,
    0.0001718637000448506,
    0.00017832008376479825,
    0.00018489541203099453,
    0.0001915816427654939,
    0.00015253170809692237,
    0.00015829172283125825,
    0.00016413937807491845,
    0.0001700704106290077,
    0.00017608077230371757,
    0.00018216661807523196,
    0.00018832429492455697,
    0.0001453171261505678,
    0.0001506429314230301,
    0.0001560346810879129,
    0.00016149064357008725,
    0.00016700912161289166,
    0.0001725884519131145,
    0.0001782270047372733,
    0.00018392318352127647,
    0.00018967542445540755,
    0.00014289121318607716,
    0.00014795106517191345,
    0.00015306554235090927,
    0.00015823429235929318,
    0.00016345689799546095,
    0.00016873288316810483,
    0.00017406171843995508,
    0.00017944282619241714,
    0.00018487558543485292,
    0.00019035933628081293,
    0.00014144300244985937,
    0.00014634379025681287,
    0.00015129412146993004,
    0.00015629432512323282,
    0.00016134461568899618,
    0.00016644510220640695,
    0.00017159579681119946,
    0.00017679662270326447,
    0.00018204742158699352,
    0.00018734796061702037,
    0.0001384500633033657,
    0.0001432323745220523,
    0.0001480625685837446,
    0.00015294130529492307,
    0.0001578691045954883,
    0.00016284635732895437,
    0.00016787333531264998,
    0.00017295020075101092,
    0.000178077015032453,
    0.0001832537469478656,
    0.00018848028036647514,
    0.00013870483599318832,
    0.0001434529382859507,
    0.00014824793786172752,
    0.0001530906308138883,
    0.00015798166338087293,
    0.00016292154335612144,
    0.00016791065075884239,
    0.00017294924781106384,
    0.00017803748826366878,
    0.00018317542611154388,
    0.00018836302373554542,
    0.00013839443629402425,
    0.00014312039106893255,
    0.00014789281931959077,
    0.00015271258811243798,
    0.00015758040932746905,
    0.0001624968514121823,
    0.00016746235037524689,
    0.0001724772200666044,
    0.00017754166178790597,
    0.00018265577327453557,
    0.00018781955708798372,
    0.000137921978017407,
    0.00014263236413050067,
    0.00014738912148978334,
    0.00015219315092754903,
    0.00015704519540914316,
    0.0001619458519626203,
    0.0001668955828372737,
    0.00017189472593840614,
    0.00017694350458285883,
    0.00018204203661712864,
    0.00018719034293738205,
    0.00013745147844639266,
    0.0001421506829502366,
    0.00014689629982313435,
    0.00015168924467443007,
    0.0001565302739490926,
    0.00016141999694466814,
    0.0001663588870516656,
    0.00017134729226507458,
    0.00017638544501184192,
    0.00018147347133642887,
    0.0001866113994840302,
    0.00019179916791864832,
    0.00014050220196753068,
    0.00014524602862044244,
    0.0001500355844677273,
    0.0001548717679227991,
    0.00015975532066602702,
    0.00016468683948304505,
    0.0001696667873379447,
    0.00017469550372834988,
    0.00017977321436654013,
    0.00018490004022812546,
    0.00019007600600727217,
    0.00013934302439970995,
    0.00014406948792613012,
    0.00014884166833883602,
    0.0001536604943286303,
    0.00015852673533349636,
    0.0001634410135441838,
    0.00016840381513430312,
    0.00017341550076255702,
    0.00017847631539186378,
    0.00018358639746743146,
    0.00018874578749330238,
    0.00013844170210101036,
    0.00014315310905489088,
    0.00014791046048732954,
    0.00015271469088411774,
    0.00015756657466299887,
    0.00016246673823911066,
    0.000167415671311101,
    0.00017241373741577949,
    0.00017746118379628105,
    0.00018255815062600747,
    0.00018770467962806158,
    0.00013774349496194048,
    0.00014244359216075133,
    0.00014718986707364098,
    0.0001519832532879162,
    0.0001568245240603115,
    0.0001617143044056719,
    0.0001666530824047432,
    0.00017164121977902806,
    0.0001766789617777775,
    0.00018176644641946865,
    0.00018690371312756534,
    0.00019209071079795658,
    0.00014066971498934071,
    0.00014541421258681088,
    0.00015020431353599196,
    0.000155040925571934,
    0.0001599247990980175,
    0.00016485653906094926,
    0.00016983661605843206,
    0.00017486537672663986,
    0.00017994305345178852,
    0.00018506977344742161,
    0.00019024556723652215,
    0.00013944195522969314,
    0.00014416895002051166,
    0.00014894159015443968,
    0.0001537608093821282,
    0.00015862738188115154,
    0.00016354193428111453,
    0.0001685049569120966,
    0.00017351681432412904,
    0.0001785777551225274,
    0.00018368792116119987,
    0.00018884735613350833,
    0.0001385018730527161,
    0.00014321368036102595,
    0.00014797139103416717,
    0.0001527759423117067,
    0.00015762811119401812,
    0.00016252852651808515,
    0.0001674776802533579,
    0.00017247593806556067,
    0.0001775235491934634,
    0.00018262065568091357,
    0.00018776730100387697,
    0.00013778115760618753,
    0.00014248155204527816,
    0.00014722810005293995,
    0.00015202173673280005,
    0.00015686323676585722,
    0.00016175322650468737,
    0.00016669219528642665,
    0.00017168050601251058,
    0.00017671840504025673,
    0.00018180603142865939,
    0.00018694342557820925,
    0.00019213053730214832,
    0.0001406939837205479,
    0.00014543869696204403,
    0.00015022899923970267,
    0.0001550657991226099,
    0.00015994984779904678
  ],