{
  "betas_desc": [
    5.768631731127798,
    3.986115193622469,
    3.0607479211706297,
    0.16514993855290871
  ],
  "theta_desc": [
    3.995886516999726e-09,
    3.358195675862046e-05,
    0.0011039244490303132,
    0.43441298366959025
  ],
  "J": 1314.4326925221376,
  "actions": [
    1,
    1,
    1,
    1,
    1
  ],
  "pf": [
    1.3345749015906314e-05,
    1.5538582316102502e-05,
    1.7867156074809757e-05,
    2.033562275331839e-05,
    2.2948056410905946e-05
  ],
  "beta": [
    4.200000000000061,
    4.165426051796632,
    4.133459607666017,
    4.103633005658794,
    4.075598685194196
  ],
  "reward": [
    -2.3345749015906313e-05,
    -2.4794740112720876e-05,
    -2.6267467315307532e-05,
    -2.776139214398325e-05,
    -2.9273920664295773e-05
  ],
  "gamma": 0.970873786407767,
  "horizon": 5,
  "seed": 0,
  "pop": 128,
  "gens": 256,
  "init": {
    "mode": "manual",
    "d0_manual": [
      1.0,
      0.0,
      0.0,
      0.0,
      0.0
    ],
    "init_state": null,
    "dirichlet_alpha": null,
    "dirichlet_seed": null
  }
}