{
  "betas_desc": [
    4.067050786793809,
    3.654221043771868,
    3.629891958803757,
    2.6475022800104275
  ],
  "theta_desc": [
    2.380593479161692e-05,
    0.00012898197931678155,
    0.00014176993752437018,
    0.004054440646673957
  ],
  "J": 10027.650870669957,
  "actions": [
    0,
    1,
    1,
    1,
    1,
    1,
    1,
    1,
    1,
    1,
    1,
    1,
    1,
    1,
    1,
    1,
    1,
    1,
    1,
    1
  ],
  "pf": [
    1.3345749015906314e-05,
    2.6919387144120714e-05,
    2.99524538825004e-05,
    3.31469648147782e-05,
    3.650658709378536e-05,
    4.003471091291046e-05,
    4.37344502517876e-05,
    4.760864520757383e-05,
    5.1659865679377616e-05,
    5.5890416198646946e-05,
    6.030234172112221e-05,
    6.489743421652733e-05,
    6.967723991072208e-05,
    7.464306705175306e-05,
    7.979599408629243e-05,
    8.513687814649662e-05,
    9.066636375949257e-05,
    9.638489170263556e-05,
    0.00010229270793749646,
    0.00010838987256433426
  ],
  "beta": [
    4.200000000000061,
    4.0383052085894535,
    4.013185074412646,
    3.9892092237441337,
    3.966247082408425,
    3.944192201581456,
    3.9229566327710335,
    3.902466828875003,
    3.882660603912606,
    3.8634848425913457,
    3.844893750829705,
    3.8268475029004936,
    3.809311183627734,
    3.7922539529239745,
    3.7756483798476217,
    3.7594699072688313,
    3.7436964181428016,
    3.7283078815175026,
    3.7132860616202388,
    3.6986142772247024
  ],
  "reward": [
    -1.3345749015906312e-05,
    -3.584406518846671e-05,
    -3.7659019589499856e-05,
    -3.9485584976648514e-05,
    -4.132049587580338e-05,
    -4.316036406441912e-05,
    -4.500171465517662e-05,
    -4.6841019958651764e-05,
    -4.867473092687551e-05,
    -5.049930605750597e-05,
    -5.231123770180963e-05,
    -5.410707577089232e-05,
    -5.588344887547688e-05,
    -5.7637082966589644e-05,
    -5.93648175691708e-05,
    -6.10636197190543e-05,
    -6.273059572699682e-05,
    -6.436300090235297e-05,
    -6.595824737434886e-05,
    -6.751391015134954e-05
  ],
  "gamma": 0.970873786407767,
  "horizon": 20,
  "seed": 0,
  "pop": 512,
  "gens": 1024,
  "init": {
    "mode": "manual",
    "d0_manual": [
      1.0,
      0.0,
      0.0,
      0.0,
      0.0
    ],
    "init_state": null,
    "dirichlet_alpha": null,
    "dirichlet_seed": null
  }
}